epoch,Training accuracy,Training Loss,Validation accuracy,Validation Loss
1,94.33333333333333,0.5728139753999382,99.0,0.4888570308685303
2,96.44444444444444,0.45819159109016944,98.0,0.42563214898109436
3,98.22222222222223,0.409975489665722,98.0,0.39744845032691956
